{"lr": 3.555600000000001e-05, "data_time": 0.957858657836914, "loss": 2.6746419429779054, "loss_cls": 1.9583936929702759, "loss_bbox": 0.7162482023239136, "time": 1.7223039627075196, "epoch": 1, "memory": 1421, "step": 5}
{"lr": 8.000000000000005e-05, "data_time": 0.4833184003829956, "loss": 2.7000698804855348, "loss_cls": 2.0002401947975157, "loss_bbox": 0.6998296737670898, "time": 0.9002182006835937, "epoch": 1, "memory": 1421, "step": 10}
{"lr": 8.000000000000005e-05, "data_time": 0.32987507184346515, "loss": 2.7599764347076414, "loss_cls": 2.095113682746887, "loss_bbox": 0.6648627320925394, "time": 0.6293189366658528, "epoch": 1, "memory": 1421, "step": 15}
{"coco/bbox_mAP": 0.139, "coco/bbox_mAP_50": 0.158, "coco/bbox_mAP_75": 0.155, "coco/bbox_mAP_s": 0.0, "coco/bbox_mAP_m": 0.003, "coco/bbox_mAP_l": 0.195, "data_time": 5.645949125289917, "time": 5.821444590886434, "step": 1}
{"lr": 8.000000000000005e-05, "data_time": 0.24747447740463985, "loss": 2.770600988751366, "loss_cls": 2.12240925856999, "loss_bbox": 0.6481917159897941, "time": 0.4969390233357747, "epoch": 2, "memory": 1421, "step": 21}
{"lr": 8.000000000000005e-05, "data_time": 0.20302142546727106, "loss": 2.775268848125751, "loss_cls": 2.1350677150946398, "loss_bbox": 0.6402011146912208, "time": 0.417259353857774, "epoch": 2, "memory": 1421, "step": 26}
{"lr": 8.000000000000005e-05, "data_time": 0.17972124776532572, "loss": 2.7731841764142438, "loss_cls": 2.1412144976277507, "loss_bbox": 0.6319696730183016, "time": 0.3699117014485021, "epoch": 2, "memory": 1421, "step": 31}
{"coco/bbox_mAP": 0.31, "coco/bbox_mAP_50": 0.364, "coco/bbox_mAP_75": 0.357, "coco/bbox_mAP_s": 0.0, "coco/bbox_mAP_m": 0.009, "coco/bbox_mAP_l": 0.425, "data_time": 0.035891592502593994, "time": 0.07530152797698975, "step": 2}
{"lr": 8.000000000000005e-05, "data_time": 0.1574348565694448, "loss": 2.766624205821269, "loss_cls": 2.1519486420863383, "loss_bbox": 0.6146755629294628, "time": 0.33031142724526896, "epoch": 3, "memory": 1421, "step": 37}
{"lr": 8.000000000000005e-05, "data_time": 0.1400958980832781, "loss": 2.7517173176720027, "loss_cls": 2.1481667189371016, "loss_bbox": 0.6035506008636384, "time": 0.3002937294188, "epoch": 3, "memory": 1421, "step": 42}
{"lr": 8.000000000000005e-05, "data_time": 0.12976277635452596, "loss": 2.734241947214654, "loss_cls": 2.1313231422546064, "loss_bbox": 0.6029188055941399, "time": 0.28035995808053527, "epoch": 3, "memory": 1421, "step": 47}
{"coco/bbox_mAP": 0.397, "coco/bbox_mAP_50": 0.453, "coco/bbox_mAP_75": 0.445, "coco/bbox_mAP_s": 0.0, "coco/bbox_mAP_m": 0.009, "coco/bbox_mAP_l": 0.544, "data_time": 0.0330733060836792, "time": 0.05242830514907837, "step": 3}
{"lr": 8.000000000000005e-05, "data_time": 0.029370460510253906, "loss": 2.7213502073287965, "loss_cls": 2.1395353651046753, "loss_bbox": 0.5818148428201675, "time": 0.10674778461456298, "epoch": 4, "memory": 1421, "step": 53}
{"lr": 8.000000000000005e-05, "data_time": 0.03149456977844238, "loss": 2.6971173763275145, "loss_cls": 2.142753713130951, "loss_bbox": 0.554363659620285, "time": 0.10787887573242187, "epoch": 4, "memory": 1421, "step": 58}
{"lr": 8.000000000000005e-05, "data_time": 0.035051589012145994, "loss": 2.6492583417892455, "loss_cls": 2.1118088221549987, "loss_bbox": 0.5374495196342468, "time": 0.11131978511810303, "epoch": 4, "memory": 1421, "step": 63}
{"coco/bbox_mAP": 0.463, "coco/bbox_mAP_50": 0.53, "coco/bbox_mAP_75": 0.5, "coco/bbox_mAP_s": 0.0, "coco/bbox_mAP_m": 0.008, "coco/bbox_mAP_l": 0.63, "data_time": 0.03692901134490967, "time": 0.057154178619384766, "step": 4}
{"lr": 8.000000000000005e-05, "data_time": 0.03362793445587158, "loss": 2.6025568771362306, "loss_cls": 2.079736053943634, "loss_bbox": 0.5228208249807358, "time": 0.10559982776641846, "epoch": 5, "memory": 1421, "step": 69}
{"lr": 8.000000000000005e-05, "data_time": 0.03580632209777832, "loss": 2.523317427635193, "loss_cls": 2.015041573047638, "loss_bbox": 0.5082758605480194, "time": 0.10858129501342774, "epoch": 5, "memory": 1421, "step": 74}
{"lr": 8.000000000000005e-05, "data_time": 0.03233518600463867, "loss": 2.458181278705597, "loss_cls": 1.9729552340507508, "loss_bbox": 0.4852260500192642, "time": 0.10570770740509033, "epoch": 5, "memory": 1421, "step": 79}
{"coco/bbox_mAP": 0.501, "coco/bbox_mAP_50": 0.572, "coco/bbox_mAP_75": 0.556, "coco/bbox_mAP_s": 0.0, "coco/bbox_mAP_m": 0.036, "coco/bbox_mAP_l": 0.67, "data_time": 0.03526771068572998, "time": 0.05656546354293823, "step": 5}
{"lr": 8.000000000000005e-05, "data_time": 0.03305080413818359, "loss": 2.3472567653656005, "loss_cls": 1.8793989896774292, "loss_bbox": 0.46785777509212495, "time": 0.10817217826843262, "epoch": 6, "memory": 1421, "step": 85}
{"lr": 8.000000000000005e-05, "data_time": 0.035036964416503905, "loss": 2.245942814350128, "loss_cls": 1.7917308831214904, "loss_bbox": 0.45421192586421966, "time": 0.10898219585418702, "epoch": 6, "memory": 1421, "step": 90}
{"lr": 8.000000000000005e-05, "data_time": 0.037338337898254394, "loss": 2.141243839263916, "loss_cls": 1.707395964860916, "loss_bbox": 0.4338478672504425, "time": 0.11082073211669922, "epoch": 6, "memory": 1421, "step": 95}
{"coco/bbox_mAP": 0.537, "coco/bbox_mAP_50": 0.612, "coco/bbox_mAP_75": 0.594, "coco/bbox_mAP_s": 0.0, "coco/bbox_mAP_m": 0.058, "coco/bbox_mAP_l": 0.714, "data_time": 0.034851670265197754, "time": 0.0528714656829834, "step": 6}
{"lr": 8.000000000000005e-05, "data_time": 0.03998523235321045, "loss": 2.008658318519592, "loss_cls": 1.59542258143425, "loss_bbox": 0.4132357358932495, "time": 0.112417573928833, "epoch": 7, "memory": 1421, "step": 101}
{"lr": 8.000000000000005e-05, "data_time": 0.04122007369995117, "loss": 1.9074201250076295, "loss_cls": 1.5054359531402588, "loss_bbox": 0.40198417246341706, "time": 0.11361362457275391, "epoch": 7, "memory": 1421, "step": 106}
{"lr": 8.000000000000005e-05, "data_time": 0.040563201904296874, "loss": 1.7954249835014344, "loss_cls": 1.4088020145893096, "loss_bbox": 0.3866229662299156, "time": 0.11243491649627685, "epoch": 7, "memory": 1421, "step": 111}
{"coco/bbox_mAP": 0.538, "coco/bbox_mAP_50": 0.619, "coco/bbox_mAP_75": 0.597, "coco/bbox_mAP_s": 0.0, "coco/bbox_mAP_m": 0.087, "coco/bbox_mAP_l": 0.705, "data_time": 0.03618311882019043, "time": 0.05197417736053467, "step": 7}
{"lr": 8.000000000000005e-05, "data_time": 0.03994407653808594, "loss": 1.6638666152954102, "loss_cls": 1.2954405570030212, "loss_bbox": 0.36842605978250503, "time": 0.11159333229064941, "epoch": 8, "memory": 1421, "step": 117}
{"lr": 8.000000000000005e-05, "data_time": 0.039244256019592284, "loss": 1.5914253187179566, "loss_cls": 1.2362390327453614, "loss_bbox": 0.3551862871646881, "time": 0.11147194385528564, "epoch": 8, "memory": 1421, "step": 122}
{"lr": 8.000000000000005e-05, "data_time": 0.03903760433197021, "loss": 1.4956530332565308, "loss_cls": 1.1511318159103394, "loss_bbox": 0.3445212176442146, "time": 0.11129527568817138, "epoch": 8, "memory": 1421, "step": 127}
{"coco/bbox_mAP": 0.593, "coco/bbox_mAP_50": 0.687, "coco/bbox_mAP_75": 0.64, "coco/bbox_mAP_s": 0.0, "coco/bbox_mAP_m": 0.141, "coco/bbox_mAP_l": 0.752, "data_time": 0.03488421440124512, "time": 0.05472749471664429, "step": 8}
{"lr": 8.000000000000005e-05, "data_time": 0.03989698886871338, "loss": 1.4034602236747742, "loss_cls": 1.067685465812683, "loss_bbox": 0.33577476024627684, "time": 0.10978807926177979, "epoch": 9, "memory": 1421, "step": 133}
{"lr": 8.000000000000005e-05, "data_time": 0.03946746349334717, "loss": 1.3479643964767456, "loss_cls": 1.0193283581733703, "loss_bbox": 0.328636040687561, "time": 0.11011966705322265, "epoch": 9, "memory": 1421, "step": 138}
{"lr": 8.000000000000005e-05, "data_time": 0.036604385375976566, "loss": 1.2810833501815795, "loss_cls": 0.9617322170734406, "loss_bbox": 0.3193511360883713, "time": 0.10829816341400146, "epoch": 9, "memory": 1421, "step": 143}
{"coco/bbox_mAP": 0.615, "coco/bbox_mAP_50": 0.704,